Driver,Compound,Stint,MaxTyreLife,AvgLapTime,FastestLap,SlowestLap,LapTimeStd,Team,LapsOnStint,DegradationPerLap,ConsistencyStint
ALO,Medium,2,9,97.6051111111111,97.234,98.19,0.299883912724761,McLaren,9,0.10622222222222256,0.7692994660606598
ALO,Soft,1,46,103.92247826086957,97.961,143.51,10.629443821007822,McLaren,46,0.9901956521739129,0.08598863500192211
BOT,Medium,2,9,97.20244444444444,96.987,97.341,0.11107554986484801,Mercedes,9,0.03933333333333325,0.9000288055313977
BOT,Soft,1,49,101.08895454545454,97.011,147.778,10.566902923431947,Mercedes,44,1.1537954545454545,0.08645356554123271
ERI,Medium,2,10,98.6812,98.386,99.212,0.2471683187177885,Sauber,10,0.08260000000000076,0.8018163907724165
ERI,Soft,1,45,102.02637209302326,98.691,125.988,4.2366290509546785,Sauber,43,0.634813953488372,0.19096254293927736
GAS,Medium,1,45,102.94286363636364,98.521,137.386,8.124185107159434,Toro Rosso,44,0.8832954545454544,0.10959882863570297
GAS,Soft,2,1,99.215,99.215,99.215,,Toro Rosso,1,0.0,
GAS,ULTRASOFT,3,9,98.781,98.367,99.423,0.3221808498343738,Toro Rosso,9,0.11733333333333304,0.7563261864859617
GRO,Medium,3,10,99.7508,97.41,117.064,6.089113505994853,Haas F1 Team,10,1.9653999999999996,0.1410613610791191
GRO,ULTRASOFT,1,48,104.38857777777777,98.699,145.15,11.163271316095821,Haas F1 Team,45,1.0322444444444445,0.08221472447767292
HAM,Medium,2,10,97.4734,96.978,98.405,0.4648202041889139,Mercedes,10,0.14270000000000066,0.6826776399863425
HAM,Soft,1,48,101.40695348837208,96.878,145.813,10.291305183441871,Mercedes,43,1.1380232558139531,0.08856372082356338
HAR,Soft,3,5,101.13759999999999,99.376,105.667,2.5818974224395497,Toro Rosso,5,1.2581999999999993,0.2791816409189414
HAR,ULTRASOFT,1,45,102.14634883720929,99.806,118.627,4.310987036927636,Toro Rosso,43,0.4376976744186046,0.18828891749253676
HUL,Medium,2,1,97.432,97.432,97.432,,Renault,1,0.0,
HUL,Soft,3,9,97.30711111111111,96.881,97.793,0.3251639757278082,Renault,9,0.10133333333333401,0.7546235924884532
HUL,ULTRASOFT,1,48,102.89104545454546,97.729,144.987,10.35720978398689,Renault,44,1.0740454545454545,0.0880497955941565
LEC,Medium,2,10,100.0233,99.628,100.799,0.3155992712285648,Sauber,10,0.11710000000000065,0.7601098768215004
LEC,Soft,1,45,102.08430232558139,98.808,118.719,3.5848253562753194,Sauber,43,0.46304651162790667,0.21811081607095134
MAG,Medium,2,10,98.66279999999999,98.152,99.969,0.5496220519593393,Haas F1 Team,10,0.1816999999999993,0.6453186431721217
MAG,Soft,1,49,104.04457777777779,98.198,146.169,11.553734896892726,Haas F1 Team,45,1.0660222222222226,0.07965756870073128
OCO,Soft,1,45,104.14320000000001,98.035,149.617,11.454363217092906,Force India,45,1.1462666666666665,0.08029314566862454
OCO,Soft,2,1,97.985,97.985,97.985,,Force India,1,0.0,
OCO,ULTRASOFT,3,9,98.47566666666665,98.015,99.44,0.4740266342728034,Force India,9,0.15833333333333302,0.6784137930406802
PER,Soft,2,1,97.889,97.889,97.889,,Force India,1,0.0,
PER,Soft,3,9,98.48766666666667,97.673,101.593,1.1832362401481795,Force India,9,0.43555555555555575,0.45803563609411707
PER,ULTRASOFT,1,48,104.14991111111111,97.882,139.734,10.667297612589405,Force India,45,0.9300444444444446,0.08570965044390112
RAI,Medium,2,9,97.03433333333334,96.456,97.354,0.34021427071773114,Ferrari,9,0.09977777777777735,0.7461493448092187
RAI,Soft,1,49,102.48924444444444,96.673,145.212,11.514153069859796,Ferrari,45,1.078644444444444,0.0799095227953132
RIC,Soft,3,9,96.68144444444445,95.785,97.238,0.40870805935016463,Red Bull Racing,9,0.16144444444444478,0.7098702909822912
RIC,ULTRASOFT,1,49,101.17729545454546,95.983,145.287,10.312360545818574,Red Bull Racing,44,1.1205454545454545,0.08839887978726362
SAI,Medium,2,1,98.233,98.233,98.233,,Renault,1,0.0,
SAI,Soft,3,9,98.05066666666667,97.754,98.88,0.38701550356542364,Renault,9,0.12511111111111006,0.7209724746619108
SAI,ULTRASOFT,1,48,103.05313636363636,98.161,142.335,9.641587089731626,Renault,44,1.0039545454545455,0.09397094545840148
SIR,Medium,2,1,98.624,98.624,98.624,,Williams,1,0.0,
SIR,Soft,1,45,104.34546666666667,99.005,135.653,9.248341368738892,Williams,45,0.8143999999999999,0.09757676525592306
SIR,Soft,3,10,98.85277777777777,98.632,99.162,0.2076624531407741,Williams,9,0.05888888888888902,0.8280459472754947
STR,Medium,2,10,98.7975,98.5,99.276,0.24426135820286954,Williams,10,0.07759999999999963,0.8036896697043902
STR,Soft,1,45,104.3311111111111,98.925,140.312,10.09927776270575,Williams,45,0.9197111111111115,0.09009595231142525
VAN,Medium,2,10,98.5036,98.137,98.87,0.23745792609779165,McLaren,10,0.0733000000000004,0.8081082830455553
VAN,Soft,1,45,104.21526666666666,98.61,141.609,10.26210805784606,McLaren,45,0.9555333333333336,0.08879332313840856
VER,Medium,2,1,96.678,96.678,96.678,,Red Bull Racing,1,0.0,
VER,Soft,3,9,96.72233333333332,96.206,97.265,0.4449615151897928,Red Bull Racing,9,0.11766666666666639,0.6920599541840753
VER,ULTRASOFT,1,48,101.39367441860465,96.671,145.615,10.361779105192614,Red Bull Racing,43,1.138232558139535,0.08801438496044825
VET,Medium,2,10,98.5296,97.841,100.608,0.8281330005902838,Ferrari,10,0.276700000000001,0.547006153095596
VET,Soft,1,47,101.62033333333333,97.479,148.497,10.820223629776512,Ferrari,42,1.214714285714286,0.08460076825288518
VET,nan,0,0,98.417,98.417,98.417,,Ferrari,1,0.0,
