Driver,TyreLife,AvgLapTime,Compound,Team
ALO,1,97.657,Medium,McLaren
ALO,2,97.84,Medium,McLaren
ALO,3,97.386,Medium,McLaren
ALO,4,97.448,Medium,McLaren
ALO,5,97.414,Medium,McLaren
ALO,6,97.826,Medium,McLaren
ALO,7,98.19,Medium,McLaren
ALO,8,97.451,Medium,McLaren
ALO,9,97.234,Medium,McLaren
ALO,35,100.202,Soft,McLaren
ALO,36,99.183,Soft,McLaren
ALO,37,98.636,Soft,McLaren
ALO,38,97.961,Soft,McLaren
ALO,39,98.407,Soft,McLaren
ALO,40,98.543,Soft,McLaren
ALO,41,99.19,Soft,McLaren
ALO,43,98.648,Soft,McLaren
ALO,44,98.36,Soft,McLaren
ALO,45,98.107,Soft,McLaren
ALO,46,98.699,Soft,McLaren
BOT,1,97.186,Medium,Mercedes
BOT,2,97.278,Medium,Mercedes
BOT,3,96.987,Medium,Mercedes
BOT,4,97.228,Medium,Mercedes
BOT,5,97.341,Medium,Mercedes
BOT,6,97.291,Medium,Mercedes
BOT,7,97.07,Medium,Mercedes
BOT,8,97.206,Medium,Mercedes
BOT,9,97.235,Medium,Mercedes
BOT,38,97.716,Soft,Mercedes
BOT,39,97.675,Soft,Mercedes
BOT,40,97.841,Soft,Mercedes
BOT,41,97.775,Soft,Mercedes
BOT,42,97.788,Soft,Mercedes
BOT,43,97.561,Soft,Mercedes
BOT,44,97.533,Soft,Mercedes
BOT,46,97.138,Soft,Mercedes
BOT,47,98.909,Soft,Mercedes
BOT,48,97.683,Soft,Mercedes
BOT,49,97.168,Soft,Mercedes
ERI,1,98.723,Medium,Sauber
ERI,2,98.574,Medium,Sauber
ERI,3,98.774,Medium,Sauber
ERI,4,98.435,Medium,Sauber
ERI,5,98.696,Medium,Sauber
ERI,6,98.386,Medium,Sauber
ERI,7,98.535,Medium,Sauber
ERI,8,98.551,Medium,Sauber
ERI,9,98.926,Medium,Sauber
ERI,10,99.212,Medium,Sauber
ERI,35,100.153,Soft,Sauber
ERI,36,100.246,Soft,Sauber
ERI,37,100.896,Soft,Sauber
ERI,38,99.888,Soft,Sauber
ERI,39,99.682,Soft,Sauber
ERI,40,98.691,Soft,Sauber
ERI,41,98.871,Soft,Sauber
ERI,43,99.341,Soft,Sauber
ERI,44,99.024,Soft,Sauber
ERI,45,98.705,Soft,Sauber
GAS,1,98.8765,Soft,Toro Rosso
GAS,2,98.818,ULTRASOFT,Toro Rosso
GAS,3,98.741,ULTRASOFT,Toro Rosso
GAS,4,99.423,ULTRASOFT,Toro Rosso
GAS,5,98.447,ULTRASOFT,Toro Rosso
GAS,6,99.015,ULTRASOFT,Toro Rosso
GAS,7,98.367,ULTRASOFT,Toro Rosso
GAS,8,98.764,ULTRASOFT,Toro Rosso
GAS,9,98.916,ULTRASOFT,Toro Rosso
GAS,29,100.749,Medium,Toro Rosso
GAS,35,102.461,Medium,Toro Rosso
GAS,36,101.631,Medium,Toro Rosso
GAS,37,100.225,Medium,Toro Rosso
GAS,38,99.098,Medium,Toro Rosso
GAS,39,99.285,Medium,Toro Rosso
GAS,40,99.102,Medium,Toro Rosso
GAS,41,99.228,Medium,Toro Rosso
GAS,43,99.36,Medium,Toro Rosso
GAS,44,98.989,Medium,Toro Rosso
GAS,45,99.199,Medium,Toro Rosso
GRO,2,97.712,Medium,Haas F1 Team
GRO,3,98.1,Medium,Haas F1 Team
GRO,4,98.058,Medium,Haas F1 Team
GRO,5,97.41,Medium,Haas F1 Team
GRO,6,97.483,Medium,Haas F1 Team
GRO,7,97.811,Medium,Haas F1 Team
GRO,8,98.221,Medium,Haas F1 Team
GRO,9,97.659,Medium,Haas F1 Team
GRO,10,97.99,Medium,Haas F1 Team
GRO,38,101.973,ULTRASOFT,Haas F1 Team
GRO,39,99.913,ULTRASOFT,Haas F1 Team
GRO,40,99.503,ULTRASOFT,Haas F1 Team
GRO,41,99.01,ULTRASOFT,Haas F1 Team
GRO,42,98.787,ULTRASOFT,Haas F1 Team
GRO,43,98.944,ULTRASOFT,Haas F1 Team
GRO,44,98.776,ULTRASOFT,Haas F1 Team
GRO,46,98.704,ULTRASOFT,Haas F1 Team
GRO,47,99.96,ULTRASOFT,Haas F1 Team
HAM,1,97.147,Medium,Mercedes
HAM,2,98.405,Medium,Mercedes
HAM,3,97.301,Medium,Mercedes
HAM,4,97.206,Medium,Mercedes
HAM,5,97.16,Medium,Mercedes
HAM,6,97.194,Medium,Mercedes
HAM,7,98.081,Medium,Mercedes
HAM,8,96.978,Medium,Mercedes
HAM,9,97.512,Medium,Mercedes
HAM,10,97.75,Medium,Mercedes
HAM,38,98.863,Soft,Mercedes
HAM,39,97.622,Soft,Mercedes
HAM,40,97.623,Soft,Mercedes
HAM,41,98.224,Soft,Mercedes
HAM,42,98.252,Soft,Mercedes
HAM,43,97.855,Soft,Mercedes
HAM,44,98.805,Soft,Mercedes
HAM,46,97.525,Soft,Mercedes
HAM,47,97.471,Soft,Mercedes
HAM,48,97.099,Soft,Mercedes
HAR,1,99.971,Soft,Toro Rosso
HAR,2,99.888,Soft,Toro Rosso
HAR,3,100.786,Soft,Toro Rosso
HAR,4,99.376,Soft,Toro Rosso
HAR,35,100.136,ULTRASOFT,Toro Rosso
HAR,36,100.408,ULTRASOFT,Toro Rosso
HAR,37,100.27,ULTRASOFT,Toro Rosso
HAR,38,100.165,ULTRASOFT,Toro Rosso
HAR,39,100.17,ULTRASOFT,Toro Rosso
HAR,40,99.881,ULTRASOFT,Toro Rosso
HAR,41,99.958,ULTRASOFT,Toro Rosso
HAR,43,100.045,ULTRASOFT,Toro Rosso
HAR,44,100.17,ULTRASOFT,Toro Rosso
HAR,45,99.854,ULTRASOFT,Toro Rosso
HUL,1,97.475,Medium,Renault
HUL,2,97.652,Soft,Renault
HUL,3,97.793,Soft,Renault
HUL,4,97.394,Soft,Renault
HUL,5,97.401,Soft,Renault
HUL,6,97.198,Soft,Renault
HUL,7,96.977,Soft,Renault
HUL,8,96.95,Soft,Renault
HUL,9,96.881,Soft,Renault
HUL,38,98.525,ULTRASOFT,Renault
HUL,39,98.648,ULTRASOFT,Renault
HUL,40,98.591,ULTRASOFT,Renault
HUL,41,98.358,ULTRASOFT,Renault
HUL,42,98.022,ULTRASOFT,Renault
HUL,43,97.819,ULTRASOFT,Renault
HUL,44,98.479,ULTRASOFT,Renault
HUL,46,97.972,ULTRASOFT,Renault
HUL,47,98.465,ULTRASOFT,Renault
HUL,48,97.729,ULTRASOFT,Renault
LEC,1,100.026,Medium,Sauber
LEC,2,99.628,Medium,Sauber
LEC,3,100.799,Medium,Sauber
LEC,4,99.982,Medium,Sauber
LEC,5,99.852,Medium,Sauber
LEC,6,100.028,Medium,Sauber
LEC,7,99.859,Medium,Sauber
LEC,8,99.885,Medium,Sauber
LEC,9,99.924,Medium,Sauber
LEC,10,100.25,Medium,Sauber
LEC,35,100.384,Soft,Sauber
LEC,36,100.416,Soft,Sauber
LEC,37,100.655,Soft,Sauber
LEC,38,100.009,Soft,Sauber
LEC,39,100.887,Soft,Sauber
LEC,40,100.046,Soft,Sauber
LEC,41,99.843,Soft,Sauber
LEC,43,100.111,Soft,Sauber
LEC,44,99.749,Soft,Sauber
LEC,45,99.926,Soft,Sauber
MAG,1,98.999,Medium,Haas F1 Team
MAG,2,99.969,Medium,Haas F1 Team
MAG,3,99.037,Medium,Haas F1 Team
MAG,4,98.511,Medium,Haas F1 Team
MAG,5,98.374,Medium,Haas F1 Team
MAG,6,98.18,Medium,Haas F1 Team
MAG,7,98.439,Medium,Haas F1 Team
MAG,8,98.152,Medium,Haas F1 Team
MAG,9,98.334,Medium,Haas F1 Team
MAG,10,98.633,Medium,Haas F1 Team
MAG,39,100.229,Soft,Haas F1 Team
MAG,40,99.13,Soft,Haas F1 Team
MAG,41,98.807,Soft,Haas F1 Team
MAG,42,98.231,Soft,Haas F1 Team
MAG,43,98.198,Soft,Haas F1 Team
MAG,44,98.939,Soft,Haas F1 Team
MAG,45,98.694,Soft,Haas F1 Team
MAG,47,98.501,Soft,Haas F1 Team
MAG,48,98.476,Soft,Haas F1 Team
MAG,49,98.274,Soft,Haas F1 Team
OCO,1,98.0,Soft,Force India
OCO,2,98.24,ULTRASOFT,Force India
OCO,3,98.078,ULTRASOFT,Force India
OCO,4,98.259,ULTRASOFT,Force India
OCO,5,99.44,ULTRASOFT,Force India
OCO,6,98.934,ULTRASOFT,Force India
OCO,7,98.17,ULTRASOFT,Force India
OCO,8,98.382,ULTRASOFT,Force India
OCO,9,98.763,ULTRASOFT,Force India
OCO,35,101.266,Soft,Force India
OCO,36,100.271,Soft,Force India
OCO,37,99.379,Soft,Force India
OCO,38,99.427,Soft,Force India
OCO,39,98.748,Soft,Force India
OCO,40,98.783,Soft,Force India
OCO,41,98.74,Soft,Force India
OCO,43,98.598,Soft,Force India
OCO,44,98.821,Soft,Force India
OCO,45,98.035,Soft,Force India
PER,1,98.112,Soft,Force India
PER,2,98.042,Soft,Force India
PER,3,97.939,Soft,Force India
PER,4,98.36,Soft,Force India
PER,5,98.123,Soft,Force India
PER,6,98.23,Soft,Force India
PER,7,97.673,Soft,Force India
PER,8,98.094,Soft,Force India
PER,9,101.593,Soft,Force India
PER,38,101.21,ULTRASOFT,Force India
PER,39,100.062,ULTRASOFT,Force India
PER,40,99.287,ULTRASOFT,Force India
PER,41,99.297,ULTRASOFT,Force India
PER,42,98.95,ULTRASOFT,Force India
PER,43,98.582,ULTRASOFT,Force India
PER,44,98.835,ULTRASOFT,Force India
PER,46,98.665,ULTRASOFT,Force India
PER,47,99.014,ULTRASOFT,Force India
PER,48,97.882,ULTRASOFT,Force India
RAI,1,96.456,Medium,Ferrari
RAI,2,96.675,Medium,Ferrari
RAI,3,96.67,Medium,Ferrari
RAI,4,97.354,Medium,Ferrari
RAI,5,97.13,Medium,Ferrari
RAI,6,97.351,Medium,Ferrari
RAI,7,97.26,Medium,Ferrari
RAI,8,97.269,Medium,Ferrari
RAI,9,97.144,Medium,Ferrari
RAI,38,99.019,Soft,Ferrari
RAI,39,98.991,Soft,Ferrari
RAI,40,97.942,Soft,Ferrari
RAI,41,97.778,Soft,Ferrari
RAI,42,98.102,Soft,Ferrari
RAI,43,97.369,Soft,Ferrari
RAI,44,97.398,Soft,Ferrari
RAI,46,97.031,Soft,Ferrari
RAI,47,96.866,Soft,Ferrari
RAI,48,96.883,Soft,Ferrari
RAI,49,96.673,Soft,Ferrari
RIC,1,97.238,Soft,Red Bull Racing
RIC,2,97.019,Soft,Red Bull Racing
RIC,3,96.833,Soft,Red Bull Racing
RIC,4,96.728,Soft,Red Bull Racing
RIC,5,96.772,Soft,Red Bull Racing
RIC,6,96.587,Soft,Red Bull Racing
RIC,7,96.43,Soft,Red Bull Racing
RIC,8,95.785,Soft,Red Bull Racing
RIC,9,96.741,Soft,Red Bull Racing
RIC,38,98.699,ULTRASOFT,Red Bull Racing
RIC,39,97.696,ULTRASOFT,Red Bull Racing
RIC,40,97.018,ULTRASOFT,Red Bull Racing
RIC,41,97.326,ULTRASOFT,Red Bull Racing
RIC,42,96.967,ULTRASOFT,Red Bull Racing
RIC,43,96.608,ULTRASOFT,Red Bull Racing
RIC,44,97.199,ULTRASOFT,Red Bull Racing
RIC,46,96.901,ULTRASOFT,Red Bull Racing
RIC,47,96.75,ULTRASOFT,Red Bull Racing
RIC,48,96.221,ULTRASOFT,Red Bull Racing
RIC,49,95.983,ULTRASOFT,Red Bull Racing
SAI,1,98.0625,Medium,Renault
SAI,2,98.101,Soft,Renault
SAI,3,97.889,Soft,Renault
SAI,4,97.81,Soft,Renault
SAI,5,97.77,Soft,Renault
SAI,6,97.865,Soft,Renault
SAI,7,97.754,Soft,Renault
SAI,8,98.495,Soft,Renault
SAI,9,98.88,Soft,Renault
SAI,38,101.017,ULTRASOFT,Renault
SAI,39,98.593,ULTRASOFT,Renault
SAI,40,98.559,ULTRASOFT,Renault
SAI,41,98.161,ULTRASOFT,Renault
SAI,42,98.363,ULTRASOFT,Renault
SAI,43,98.541,ULTRASOFT,Renault
SAI,44,99.12,ULTRASOFT,Renault
SAI,46,98.686,ULTRASOFT,Renault
SAI,47,98.857,ULTRASOFT,Renault
SAI,48,98.188,ULTRASOFT,Renault
SIR,1,98.624,Medium,Williams
SIR,2,98.673,Soft,Williams
SIR,3,99.108,Soft,Williams
SIR,4,98.641,Soft,Williams
SIR,5,98.778,Soft,Williams
SIR,6,98.632,Soft,Williams
SIR,7,98.996,Soft,Williams
SIR,8,98.716,Soft,Williams
SIR,9,99.162,Soft,Williams
SIR,10,98.969,Soft,Williams
SIR,29,99.257,Soft,Williams
SIR,35,102.418,Soft,Williams
SIR,36,101.396,Soft,Williams
SIR,37,100.482,Soft,Williams
SIR,38,99.737,Soft,Williams
SIR,39,99.628,Soft,Williams
SIR,40,99.293,Soft,Williams
SIR,41,99.005,Soft,Williams
SIR,43,99.209,Soft,Williams
SIR,44,99.117,Soft,Williams
SIR,45,99.04,Soft,Williams
STR,1,99.03,Medium,Williams
STR,2,98.546,Medium,Williams
STR,3,98.968,Medium,Williams
STR,4,98.665,Medium,Williams
STR,5,98.812,Medium,Williams
STR,6,98.576,Medium,Williams
STR,7,98.857,Medium,Williams
STR,8,98.5,Medium,Williams
STR,9,98.745,Medium,Williams
STR,10,99.276,Medium,Williams
STR,35,102.839,Soft,Williams
STR,36,101.083,Soft,Williams
STR,37,100.133,Soft,Williams
STR,38,99.193,Soft,Williams
STR,39,99.358,Soft,Williams
STR,40,98.925,Soft,Williams
STR,41,99.591,Soft,Williams
STR,43,99.171,Soft,Williams
STR,44,99.322,Soft,Williams
STR,45,99.287,Soft,Williams
VAN,1,98.834,Medium,McLaren
VAN,2,98.87,Medium,McLaren
VAN,3,98.583,Medium,McLaren
VAN,4,98.279,Medium,McLaren
VAN,5,98.493,Medium,McLaren
VAN,6,98.39,Medium,McLaren
VAN,7,98.39,Medium,McLaren
VAN,8,98.137,Medium,McLaren
VAN,9,98.379,Medium,McLaren
VAN,10,98.681,Medium,McLaren
VAN,35,103.065,Soft,McLaren
VAN,36,100.412,Soft,McLaren
VAN,37,99.572,Soft,McLaren
VAN,38,99.364,Soft,McLaren
VAN,39,99.393,Soft,McLaren
VAN,40,99.016,Soft,McLaren
VAN,41,98.876,Soft,McLaren
VAN,43,98.61,Soft,McLaren
VAN,44,98.902,Soft,McLaren
VAN,45,99.344,Soft,McLaren
VER,1,96.48349999999999,Medium,Red Bull Racing
VER,2,96.28,Soft,Red Bull Racing
VER,3,96.206,Soft,Red Bull Racing
VER,4,96.362,Soft,Red Bull Racing
VER,5,96.717,Soft,Red Bull Racing
VER,6,97.06,Soft,Red Bull Racing
VER,7,97.234,Soft,Red Bull Racing
VER,8,97.088,Soft,Red Bull Racing
VER,9,97.265,Soft,Red Bull Racing
VER,38,99.092,ULTRASOFT,Red Bull Racing
VER,39,97.58,ULTRASOFT,Red Bull Racing
VER,40,97.386,ULTRASOFT,Red Bull Racing
VER,41,99.563,ULTRASOFT,Red Bull Racing
VER,42,97.477,ULTRASOFT,Red Bull Racing
VER,43,97.176,ULTRASOFT,Red Bull Racing
VER,44,96.671,ULTRASOFT,Red Bull Racing
VER,46,96.952,ULTRASOFT,Red Bull Racing
VER,47,97.391,ULTRASOFT,Red Bull Racing
VER,48,96.887,ULTRASOFT,Red Bull Racing
VET,1,97.852,Medium,Ferrari
VET,2,97.841,Medium,Ferrari
VET,3,98.239,Medium,Ferrari
VET,4,98.178,Medium,Ferrari
VET,5,98.211,Medium,Ferrari
VET,6,98.216,Medium,Ferrari
VET,7,98.523,Medium,Ferrari
VET,8,98.396,Medium,Ferrari
VET,9,100.608,Medium,Ferrari
VET,10,99.232,Medium,Ferrari
VET,37,98.558,Soft,Ferrari
VET,38,97.489,Soft,Ferrari
VET,39,97.822,Soft,Ferrari
VET,40,97.602,Soft,Ferrari
VET,41,97.563,Soft,Ferrari
VET,42,97.518,Soft,Ferrari
VET,43,98.487,Soft,Ferrari
VET,45,100.615,Soft,Ferrari
VET,46,98.188,Soft,Ferrari
VET,47,97.742,Soft,Ferrari
